attr0,attr1,health_post_id
-16.351376,-71.56252,0
-16.325474,-71.59406,1
-16.34531,-71.60006,2
-16.32817,-71.549515,3
